id,nazev,cena,kategorie,pocet
1,Sauce - Alfredo,599,Electronics,1
2,Spinach - Frozen,116,Movies,4
3,"Pepper - Chipotle, Canned",71,Beauty,94
4,Ginger - Pickled,85,Health,9
5,Flour - Chickpea,105,Jewelry,92
6,Kirsch - Schloss,710,Computers,10
7,Chinese Foods - Pepper Beef,337,Clothing,57
8,Sobe - Orange Carrot,489,Music,31
9,Phyllo Dough,126,Outdoors,45
10,"Crab - Dungeness, Whole, live",664,Automotive,52
11,Island Oasis - Sweet And Sour Mix,205,Outdoors,15
12,Coffee - Cafe Moreno,958,Shoes,80
13,"Pasta - Gnocchi, Potato",985,Automotive,82
14,Jameson Irish Whiskey,57,Outdoors,45
15,Tuna - Salad Premix,914,Home,30
16,Turkey - Oven Roast Breast,570,Home,83
17,Tray - 16in Rnd Blk,366,Music,82
18,"Lettuce - Mini Greens, Whole",616,Movies,32
19,Fib N9 - Prague Powder,593,Automotive,70
20,Seabream Whole Farmed,2,Movies,51
21,"Tomatoes - Cherry, Yellow",106,Home,8
22,Beer - Blue,328,Games,30
23,"Veal - Inside, Choice",333,Kids,66
24,Wine - Pinot Noir Pond Haddock,619,Computers,63
25,Juice - Mango,595,Health,62
26,Carbonated Water - Peach,723,Beauty,100
27,Chinese Foods - Plain Fried Rice,673,Kids,43
28,Wine - Alicanca Vinho Verde,236,Tools,34
29,Sole - Fillet,342,Clothing,74
30,Beer - True North Strong Ale,476,Shoes,22
31,Shichimi Togarashi Peppeers,608,Beauty,88
32,Curry Paste - Green Masala,96,Shoes,48
33,Orange Roughy 4/6 Oz,730,Kids,34
34,Wine - Sake,435,Clothing,8
35,Pike - Frozen Fillet,115,Movies,63
36,Beef - Top Sirloin,177,Jewelry,73
37,Mace Ground,560,Movies,33
38,Cheese - Swiss Sliced,582,Health,94
39,Beer - Guiness,166,Movies,87
40,Apple - Northern Spy,386,Kids,53
41,"Mushroom - Enoki, Dry",683,Home,36
42,Tomatoes Tear Drop Yellow,935,Garden,12
43,Canadian Emmenthal,448,Games,74
44,"Split Peas - Green, Dry",20,Books,43
45,"Pork - Chop, Frenched",643,Outdoors,79
46,Seabream Whole Farmed,507,Home,63
47,Crab Brie In Phyllo,641,Kids,91
48,Steam Pan Full Lid,462,Garden,71
49,Wine - Tribal Sauvignon,92,Kids,86
50,"Seedlings - Mix, Organic",8,Industrial,64
51,Wine - Ruffino Chianti,730,Sports,70
52,Lychee,805,Beauty,2
53,Wine - Duboeuf Beaujolais,279,Books,80
54,Pork - Backfat,529,Clothing,7
55,Longos - Grilled Chicken With,878,Home,8
56,Island Oasis - Magarita Mix,931,Grocery,41
57,Cheese - Cambozola,372,Toys,35
58,Milk Powder,237,Garden,1
59,Red Currants,109,Baby,98
60,Soup - Campbells Beef Stew,316,Garden,68
61,Sponge Cake Mix - Vanilla,40,Movies,63
62,"Pork - Loin, Bone - In",470,Industrial,2
63,Longos - Chicken Cordon Bleu,15,Electronics,71
64,Muffin Carrot - Individual,76,Music,41
65,Sausage - Liver,654,Jewelry,23
66,Wine - Tribal Sauvignon,625,Industrial,20
67,Wine - Pinot Noir Stoneleigh,10,Health,99
68,Sprouts - Alfalfa,295,Shoes,96
69,Vinegar - Cider,439,Clothing,5
70,"C - Plus, Orange",867,Clothing,61
71,Cake - Miini Cheesecake Cherry,320,Computers,29
72,"Juice - Apple, 341 Ml",793,Jewelry,92
73,Muffin - Mix - Bran And Maple 15l,98,Electronics,70
74,Muffin Mix - Morning Glory,647,Electronics,98
75,"Pasta - Shells, Medium, Dry",329,Music,89
76,Creamers - 10%,861,Beauty,100
77,Kirsch - Schloss,498,Industrial,69
78,Icecream - Dstk Strw Chseck,152,Home,14
79,"Lettuce - Romaine, Heart",649,Music,93
80,Table Cloth 81x81 White,802,Grocery,31
81,Temperature Recording Station,392,Automotive,64
82,Coffee Caramel Biscotti,927,Automotive,55
83,Mushroom - Chanterelle Frozen,175,Kids,77
84,"Rum - Coconut, Malibu",74,Clothing,48
85,Shrimp - Tiger 21/25,700,Shoes,90
86,Avocado,308,Books,82
87,Appetizer - Seafood Assortment,91,Jewelry,99
88,"Oregano - Dry, Rubbed",511,Shoes,92
89,Wine - Trimbach Pinot Blanc,98,Electronics,62
90,Beef Tenderloin Aaa,789,Music,23
91,Wasabi Powder,181,Shoes,26
92,Pork - Hock And Feet Attached,138,Computers,49
93,Fiddlehead - Frozen,635,Movies,52
94,"Lamb - Whole Head Off,nz",131,Health,65
95,Wine - Red Oakridge Merlot,434,Industrial,84
96,Pepper - Red Chili,52,Electronics,78
97,Steampan - Foil,913,Beauty,81
98,Wine - Chateauneuf Du Pape,563,Movies,14
99,Chocolate Liqueur - Godet White,707,Health,89
100,Mushroom Morel Fresh,681,Books,99
101,Artichoke - Fresh,716,Jewelry,99
102,Grapes - Green,410,Movies,55
103,Tamarind Paste,117,Beauty,76
104,Arizona - Plum Green Tea,434,Industrial,84
105,Loquat,816,Health,34
106,Mustard - Dijon,299,Kids,46
107,Fruit Salad Deluxe,541,Shoes,90
108,"Soup - Campbells, Minestrone",717,Toys,45
109,Cookies - Amaretto,68,Tools,65
110,Paper - Brown Paper Mini Cups,426,Industrial,2
111,Cloves - Ground,810,Computers,58
112,"Cheese - Havarti, Salsa",643,Shoes,88
113,"Oil - Truffle, Black",12,Music,10
114,Puree - Raspberry,347,Shoes,44
115,Raspberries - Fresh,503,Kids,3
116,Flavouring - Rum,104,Tools,86
117,Wiberg Super Cure,772,Kids,3
118,Sponge Cake Mix - Vanilla,657,Automotive,92
119,Relish,217,Games,77
120,Rice - Jasmine Sented,703,Electronics,70
121,Onions - Green,12,Games,10
122,Five Alive Citrus,172,Baby,75
123,Coffee - Espresso,961,Outdoors,87
124,Cookies - Amaretto,517,Kids,67
125,"Bread - White, Unsliced",742,Sports,41
126,Fib N9 - Prague Powder,556,Clothing,50
127,Sauce - Soy Low Sodium - 3.87l,956,Garden,91
128,Dill Weed - Fresh,125,Shoes,43
129,Bread - Pain Au Liat X12,578,Home,41
130,Cheese - Perron Cheddar,386,Beauty,23
131,Almonds Ground Blanched,481,Sports,9
132,Wine - Barolo Fontanafredda,27,Health,47
133,Beef - Striploin Aa,649,Shoes,58
134,Mix - Cappucino Cocktail,577,Automotive,50
135,Meldea Green Tea Liquor,257,Jewelry,49
136,"Nut - Pistachio, Shelled",759,Kids,19
137,External Supplier,910,Games,21
138,Lettuce - Iceberg,603,Home,80
139,"Stock - Veal, Brown",453,Movies,12
140,"Red Snapper - Fillet, Skin On",757,Music,73
141,Lamb - Sausage Casings,415,Baby,3
142,Cheese - Oka,107,Electronics,11
143,"Mushroom - Shitake, Dry",989,Baby,71
144,Sauce - Salsa,973,Jewelry,2
145,Zucchini - Yellow,937,Baby,80
146,"Beans - Black Bean, Dry",924,Kids,69
147,Praline Paste,656,Automotive,52
148,Soup - Cream Of Potato / Leek,376,Home,100
149,"Artichokes - Knobless, White",387,Health,78
150,Capicola - Hot,790,Grocery,96
151,Yeast Dry - Fermipan,822,Music,59
152,"Turkey - Whole, Fresh",673,Garden,23
153,Butter - Pod,85,Tools,31
154,Fuji Apples,56,Music,88
155,Venison - Liver,657,Grocery,19
156,"Juice - Grapefruit, 341 Ml",315,Computers,86
157,Pumpkin - Seed,820,Books,17
158,Halibut - Steaks,13,Automotive,20
159,Bread Sour Rolls,135,Garden,60
160,Teriyaki Sauce,637,Tools,87
161,Water - Perrier,717,Industrial,69
162,"Beans - Black Bean, Preserved",300,Beauty,57
163,Broom And Broom Rack White,325,Sports,3
164,The Pop Shoppe - Grape,284,Garden,77
165,"Wine - Red, Pelee Island Merlot",313,Games,53
166,Trueblue - Blueberry 12x473ml,305,Movies,91
167,Muffin Batt - Ban Dream Zero,970,Tools,29
168,"Mustard - Dry, Powder",857,Games,55
169,Lettuce - Arugula,91,Tools,93
170,Canadian Emmenthal,342,Health,88
171,Kippers - Smoked,895,Books,32
172,Wine - Prosecco Valdobienne,415,Outdoors,23
173,"Star Anise, Whole",346,Automotive,29
174,Rice Paper,572,Beauty,27
175,Ocean Spray - Ruby Red,468,Tools,42
176,"Pepper - Red, Finger Hot",692,Grocery,81
177,Crackers - Graham,724,Beauty,2
178,Kumquat,450,Industrial,81
179,Beer - Fruli,36,Health,36
180,Carbonated Water - Lemon Lime,667,Home,16
181,Bread Ww Cluster,185,Baby,30
182,Bay Leaf Fresh,620,Health,45
183,Scallops - U - 10,955,Toys,13
184,"Chestnuts - Whole,canned",389,Kids,85
185,Bacardi Raspberry,790,Health,65
186,Peach - Halves,852,Music,43
187,Bar Energy Chocchip,627,Jewelry,46
188,Dome Lid Clear P92008h,723,Grocery,57
189,Cheese - Mozzarella,326,Grocery,51
190,"Pepper - Paprika, Hungarian",500,Grocery,92
191,Dip - Tapenade,60,Grocery,55
192,Flower - Daisies,305,Jewelry,53
193,Wine - Crozes Hermitage E.,257,Beauty,23
194,Beef Striploin Aaa,482,Music,24
195,Turkey Leg With Drum And Thigh,800,Jewelry,90
196,Cocoa Powder - Dutched,620,Computers,43
197,"Lamb - Whole Head Off,nz",680,Electronics,66
198,"Pasta - Rotini, Dry",716,Games,44
199,Cream Of Tartar,324,Electronics,80
200,Eel Fresh,585,Home,36
201,Muffins - Assorted,624,Outdoors,19
202,Wine - Casablanca Valley,69,Movies,32
203,Ice Cream Bar - Oreo Cone,125,Health,19
204,Wine - Cousino Macul Antiguas,464,Tools,84
205,Cookie Choc,782,Music,80
206,Bread - Mini Hamburger Bun,122,Toys,11
207,Grenadillo,45,Baby,64
208,Rye Special Old,910,Sports,77
209,Bamboo Shoots - Sliced,850,Computers,3
210,Pastry - French Mini Assorted,862,Sports,66
211,Curry Powder Madras,589,Games,15
212,Salmon - Sockeye Raw,204,Games,13
213,Coffee - Dark Roast,68,Shoes,43
214,Juice - Lime,697,Home,8
215,Ecolab - Hobart Washarm End Cap,217,Tools,70
216,Goulash Seasoning,243,Automotive,30
217,Milk 2% 500 Ml,863,Books,86
218,Bag Stand,891,Automotive,77
219,Compound - Mocha,555,Tools,79
220,Onions - Vidalia,255,Computers,28
221,Beets - Pickled,331,Music,39
222,"Crush - Orange, 355ml",857,Beauty,40
223,Cheese - Cambozola,198,Health,24
224,Longos - Assorted Sandwich,89,Health,31
225,Juice - Prune,933,Games,12
226,Muffin Batt - Blueberry Passion,740,Games,67
227,Pears - Bosc,969,Movies,61
228,Mayonnaise - Individual Pkg,479,Home,40
229,Cream - 35%,792,Industrial,21
230,Pork - Ground,54,Jewelry,100
231,Wine - Cotes Du Rhone Parallele,929,Outdoors,46
232,"Wine - Magnotta, White",330,Music,90
233,Island Oasis - Lemonade,939,Outdoors,29
234,Wine - Cabernet Sauvignon,283,Jewelry,96
235,"Lemonade - Strawberry, 591 Ml",734,Clothing,98
236,Lettuce - Romaine,68,Home,81
237,Syrup - Kahlua Chocolate,10,Kids,6
238,Soup Campbells Split Pea And Ham,578,Sports,98
239,Myers Planters Punch,381,Jewelry,13
240,"Mushrooms - Black, Dried",898,Garden,45
241,Trueblue - Blueberry 12x473ml,642,Baby,17
242,Cafe Royale,277,Toys,41
243,Mahi Mahi,558,Garden,94
244,Wine - Casillero Del Diablo,78,Clothing,54
245,Chocolate Liqueur - Godet White,337,Home,50
246,Muffins - Assorted,237,Home,48
247,"Mushroom - Chantrelle, Fresh",895,Industrial,22
248,Curry Paste - Green Masala,800,Garden,54
249,Muffin - Carrot Individual Wrap,560,Toys,96
250,Lotus Leaves,202,Movies,36
251,Beef - Top Butt,358,Music,88
252,Muskox - French Rack,341,Electronics,63
253,Mushroom - Crimini,857,Books,38
254,Wine - Pinot Noir Pond Haddock,231,Industrial,64
255,Cake - Night And Day Choclate,616,Baby,95
256,Oil - Pumpkinseed,274,Baby,79
257,Bay Leaf Fresh,601,Kids,11
258,Chocolate - Sugar Free Semi Choc,661,Jewelry,61
259,"Salmon - Whole, 4 - 6 Pounds",641,Garden,54
260,Jolt Cola - Electric Blue,219,Music,1
261,Wine - Pinot Grigio Collavini,443,Automotive,90
262,"Pasta - Orzo, Dry",668,Grocery,80
263,"Wine - White, Chardonnay",17,Computers,56
264,Beans - Green,702,Games,21
265,"Lettuce - Mini Greens, Whole",263,Games,50
266,Longos - Assorted Sandwich,568,Shoes,72
267,Beer - Creemore,145,Games,47
268,Bread - Italian Corn Meal Poly,432,Jewelry,76
269,"Oranges - Navel, 72",664,Electronics,70
270,Pork - Ground,426,Industrial,87
271,Water - Aquafina Vitamin,810,Health,62
272,Rice Wine - Aji Mirin,207,Automotive,51
273,"Pasta - Orzo, Dry",617,Shoes,61
274,Bar Mix - Lemon,691,Sports,26
275,Straw - Regular,605,Sports,85
276,Juice - Apple 284ml,393,Health,43
277,Cheese - Gouda,485,Movies,49
278,Cookie - Oreo 100x2,917,Beauty,50
279,Wine - Touraine Azay - Le - Rideau,992,Tools,25
280,"Chicken - Breast, 5 - 7 Oz",834,Industrial,4
281,Soho Lychee Liqueur,96,Garden,53
282,Quail Eggs - Canned,805,Health,87
283,"Juice - V8, Tomato",223,Games,82
284,Cucumber - English,44,Industrial,51
285,"Soup - Campbells, Beef Barley",286,Electronics,37
286,"Veal - Round, Eye Of",16,Outdoors,52
287,Energy Drink - Franks Original,450,Kids,91
288,Compound - Passion Fruit,434,Computers,96
289,Liquid Aminios Acid - Braggs,680,Music,30
290,"Chicken - Leg, Boneless",933,Health,2
291,Salmon Atl.whole 8 - 10 Lb,295,Baby,22
292,Clam - Cherrystone,630,Toys,25
293,"Syrup - Monin, Swiss Choclate",907,Beauty,28
294,"Veal - Brisket, Provimi,bnls",654,Sports,56
295,Pepper - Roasted Red,193,Beauty,85
296,Lamb - Sausage Casings,949,Kids,91
297,Cornflakes,728,Clothing,44
298,Veal - Insides Provini,564,Industrial,12
299,Compound - Mocha,801,Baby,81
300,Glaze - Clear,548,Automotive,19
301,Honey - Lavender,528,Electronics,7
302,English Muffin,297,Sports,83
303,Sour Puss - Tangerine,28,Toys,46
304,Chocolate - Dark,578,Automotive,32
305,Pork Salted Bellies,444,Electronics,43
306,Chef Hat 25cm,461,Shoes,95
307,Arctic Char - Fillets,267,Sports,94
308,"Beef - Kindney, Whole",209,Electronics,99
309,Bread - Rye,439,Sports,36
310,Spinach - Packaged,710,Grocery,29
311,Wine - Bouchard La Vignee Pinot,458,Music,1
312,Island Oasis - Strawberry,981,Garden,10
313,Celery,190,Garden,92
314,Soup V8 Roasted Red Pepper,143,Sports,33
315,Pepper - Sorrano,563,Kids,14
316,Crab Meat Claw Pasteurise,625,Toys,15
317,Squash - Butternut,372,Health,73
318,Coffee - Irish Cream,503,Baby,72
319,Bacardi Breezer - Tropical,407,Baby,34
320,Wine - Valpolicella Masi,391,Automotive,88
321,"Soup - Knorr, Chicken Gumbo",815,Health,11
322,Oranges,856,Sports,35
323,Tea - Honey Green Tea,515,Baby,67
324,Jolt Cola - Red Eye,912,Games,70
325,Tumeric,954,Clothing,45
326,Water Chestnut - Canned,679,Grocery,4
327,Pie Shells 10,724,Grocery,54
328,Pastrami,51,Outdoors,19
329,Chevere Logs,177,Sports,6
330,Wine - Domaine Boyar Royal,303,Books,22
331,Daves Island Stinger,917,Electronics,48
332,Parsley Italian - Fresh,466,Home,88
333,Sauce - Thousand Island,367,Books,17
334,Watercress,963,Industrial,55
335,Squid - Breaded,552,Toys,99
336,Container - Hngd Cll Blk 7x7x3,167,Outdoors,63
337,Veal - Sweetbread,388,Shoes,66
338,Relish,257,Kids,9
339,Venison - Racks Frenched,541,Baby,88
340,"Turkey - Breast, Smoked",359,Games,17
341,Paper Cocktail Umberlla 80 - 180,11,Grocery,41
342,Cake - Pancake,987,Kids,1
343,Tea - Orange Pekoe,971,Garden,28
344,Wine - Puligny Montrachet A.,56,Shoes,44
345,"Apple - Delicious, Red",909,Clothing,92
346,Radish,737,Automotive,8
347,Pastry - Choclate Baked,254,Games,53
348,Bacardi Mojito,489,Garden,70
349,Ketchup - Tomato,252,Health,16
350,"Flour - Buckwheat, Dark",713,Movies,8
351,Potatoes - Mini White 3 Oz,569,Outdoors,35
352,"Nut - Pine Nuts, Whole",360,Kids,7
353,V8 Pet,204,Computers,92
354,The Pop Shoppe - Grape,340,Computers,35
355,Olives - Nicoise,698,Computers,21
356,"Sugar - Brown, Individual",19,Baby,91
357,Appetizer - Escargot Puff,450,Home,26
358,Wine - Fume Blanc Fetzer,821,Health,73
359,Wine - Magnotta - Cab Sauv,829,Toys,95
360,Wine - Segura Viudas Aria Brut,434,Home,39
361,Vol Au Vents,814,Computers,77
362,Ham - Black Forest,388,Health,18
363,"Wine - Red, Pinot Noir, Chateau",670,Games,89
364,Beer - Sleeman Fine Porter,395,Computers,5
365,Cheese Cloth No 60,674,Home,57
366,Bread - Sour Sticks With Onion,975,Grocery,15
367,"Juice - Cranberry, 341 Ml",800,Tools,43
368,Jam - Apricot,639,Jewelry,98
369,Juice Peach Nectar,108,Toys,63
370,Coffee Cup 8oz 5338cd,988,Tools,90
371,Lettuce - Romaine,1,Baby,47
372,Parsley - Dried,509,Garden,35
373,Melon - Watermelon Yellow,550,Health,78
374,Soy Protein,716,Movies,12
375,Wine - Delicato Merlot,898,Sports,16
376,Beans - Green,109,Music,77
377,Cheese - Grana Padano,23,Computers,66
378,Bagel - Whole White Sesame,242,Tools,16
379,Longos - Burritos,497,Grocery,24
380,"Jam - Strawberry, 20 Ml Jar",891,Electronics,35
381,"Oranges - Navel, 72",820,Books,27
382,Hand Towel,842,Grocery,68
383,"Nut - Chestnuts, Whole",40,Baby,67
384,Cassis,224,Garden,56
385,"Soup - Knorr, Country Bean",908,Automotive,50
386,Energy Drink Red Bull,638,Electronics,29
387,"Pasta - Elbows, Macaroni, Dry",633,Sports,33
388,Ecolab - Hobart Washarm End Cap,826,Baby,4
389,Wine - Marlbourough Sauv Blanc,655,Grocery,39
390,Pork - Shoulder,358,Computers,72
391,Squid - Tubes / Tenticles 10/20,56,Home,82
392,"Pork - Bacon, Double Smoked",241,Garden,24
393,Table Cloth 62x114 Colour,891,Jewelry,17
394,Bar - Granola Trail Mix Fruit Nut,116,Movies,96
395,Chinese Foods - Cantonese,206,Sports,79
396,"Wine - Cahors Ac 2000, Clos",252,Automotive,22
397,Salt And Pepper Mix - White,331,Grocery,8
398,Oysters - Smoked,798,Shoes,35
399,Wine - Kwv Chenin Blanc South,985,Garden,23
400,Sugar - Icing,803,Books,40
401,Wine - George Duboeuf Rose,106,Sports,80
402,Foil Wrap,480,Health,99
403,Lumpfish Black,879,Health,91
404,Tuna - Sushi Grade,365,Shoes,36
405,Wanton Wrap,10,Garden,4
406,Appetizer - Mango Chevre,510,Clothing,68
407,Muffin - Carrot Individual Wrap,428,Jewelry,62
408,Creme De Menth - White,52,Garden,65
409,Ice Cream Bar - Hagen Daz,780,Outdoors,97
410,Wine - Pinot Noir Pond Haddock,247,Garden,42
411,Longos - Chicken Wings,584,Toys,86
412,Bread - French Stick,613,Grocery,87
413,Beef - Tenderloin Tails,146,Outdoors,29
414,Icecream Bar - Del Monte,908,Shoes,65
415,Turnip - White,458,Books,73
416,Scallops - In Shell,381,Industrial,64
417,Milk - Condensed,152,Sports,84
418,"Wine - White, Antinore Orvieto",323,Automotive,97
419,Lychee - Canned,355,Books,47
420,Chips - Miss Vickies,781,Clothing,56
421,Soup - Campbells,579,Sports,53
422,Lamb Rack Frenched Australian,900,Toys,21
423,Beans - Soya Bean,645,Shoes,85
424,Flour - Strong Pizza,223,Sports,99
425,Mousse - Passion Fruit,468,Baby,7
426,Wine - Toasted Head,78,Sports,35
427,Basil - Seedlings Cookstown,542,Outdoors,69
428,Sambuca - Ramazzotti,386,Clothing,22
429,Salt - Celery,416,Home,44
430,Compound - Orange,777,Automotive,55
431,Jolt Cola,791,Games,52
432,"Beef - Rib Roast, Capless",899,Home,36
433,Oil - Peanut,264,Music,12
434,Versatainer Nc - 8288,284,Health,16
435,"Lemonade - Black Cherry, 591 Ml",475,Industrial,29
436,Cabbage Roll,208,Electronics,17
437,Lotus Rootlets - Canned,401,Music,86
438,Raspberries - Fresh,160,Tools,59
439,Cardamon Ground,317,Industrial,60
440,Nantucket - 518ml,64,Kids,31
441,Shrimp - Tiger 21/25,199,Toys,75
442,Pop Shoppe Cream Soda,505,Jewelry,39
443,Cake - Pancake,875,Sports,52
444,Sauce - Rosee,243,Garden,27
445,Jolt Cola,923,Industrial,5
446,Bread Crumbs - Japanese Style,663,Outdoors,5
447,Melon - Watermelon Yellow,147,Industrial,94
448,Muffin Orange Individual,503,Music,40
449,Wine - Vouvray Cuvee Domaine,122,Movies,82
450,Bread - Crusty Italian Poly,420,Clothing,13
451,Appetizer - Escargot Puff,714,Toys,90
452,Ecolab - Medallion,117,Automotive,93
453,Beef - Short Loin,251,Tools,26
454,"Halibut - Whole, Fresh",550,Garden,45
455,Veal - Nuckle,629,Outdoors,6
456,Tomatoes Tear Drop,796,Kids,21
457,Cake - Dulce De Leche,447,Grocery,26
458,Sherbet - Raspberry,179,Kids,74
459,"Crush - Orange, 355ml",814,Beauty,34
460,Shichimi Togarashi Peppeers,382,Garden,50
461,Wine - Lamancha Do Crianza,355,Tools,36
462,"Oil - Shortening,liqud, Fry",638,Grocery,14
463,Tea - Apple Green Tea,684,Industrial,51
464,Calypso - Pineapple Passion,830,Industrial,18
465,Seedlings - Clamshell,649,Kids,80
466,Energy Drink Red Bull,320,Industrial,27
467,Cake - Cake Sheet Macaroon,815,Electronics,35
468,Gatorade - Cool Blue Raspberry,3,Music,8
469,Garlic - Peeled,335,Computers,9
470,Bread - Italian Roll With Herbs,791,Computers,5
471,Milk - Skim,798,Music,38
472,"Beef - Rouladin, Sliced",700,Outdoors,55
473,English Muffin,732,Computers,78
474,"Bread - Roll, Soft White Round",547,Toys,38
475,Chef Hat 25cm,335,Grocery,51
476,Puree - Kiwi,133,Electronics,4
477,Pork - European Side Bacon,957,Beauty,79
478,"Fish - Scallops, Cold Smoked",199,Beauty,70
479,Bread - Raisin,522,Grocery,49
480,Sambuca Cream,44,Health,93
481,"Sugar - Brown, Individual",338,Automotive,23
482,Nantucket - 518ml,444,Baby,56
483,Cheese - Pied De Vents,728,Music,32
484,Dikon,302,Kids,100
485,Marjoram - Fresh,518,Music,13
486,Soup - Boston Clam Chowder,133,Home,73
487,"Lemonade - Natural, 591 Ml",323,Games,51
488,Baking Powder,630,Games,73
489,Duck - Fat,783,Sports,99
490,Lemon Pepper,618,Health,31
491,"Marjoram - Dried, Rubbed",130,Computers,29
492,Salmon - Sockeye Raw,644,Garden,87
493,Sauce - Soy Low Sodium - 3.87l,321,Industrial,16
494,"Lamb - Whole Head Off,nz",321,Books,81
495,Napkin Colour,147,Jewelry,25
496,Calypso - Black Cherry Lemonade,146,Jewelry,68
497,Bread Fig And Almond,526,Grocery,94
498,Contreau,8,Outdoors,81
499,Wine - Jackson Triggs Okonagan,955,Garden,36
500,"Pepsi, 355 Ml",908,Sports,75
501,Mushroom - Crimini,554,Health,76
502,"Pork - Butt, Boneless",121,Games,36
503,"C - Plus, Orange",121,Kids,7
504,Glass Clear 8 Oz,228,Garden,8
505,Turnip - Mini,138,Clothing,80
506,Tuna - Bluefin,922,Electronics,35
507,Calypso - Pineapple Passion,377,Automotive,99
508,"Beef - Cooked, Corned",312,Outdoors,9
509,Scallops 60/80 Iqf,359,Shoes,36
510,Sobe - Orange Carrot,235,Automotive,29
511,Soho Lychee Liqueur,674,Beauty,93
512,Bread Foccacia Whole,451,Automotive,45
513,Mousse - Banana Chocolate,772,Electronics,34
514,Food Colouring - Pink,982,Health,41
515,Turkey - Ground. Lean,149,Beauty,27
516,"Cookies - Oreo, 4 Pack",338,Clothing,7
517,Beer - Maudite,506,Toys,80
518,Compound - Mocha,756,Jewelry,40
519,Tomatoes - Heirloom,346,Music,35
520,Tea Peppermint,639,Tools,82
521,Cocktail Napkin Blue,64,Movies,55
522,Veal - Loin,507,Health,55
523,Sauce - Thousand Island,889,Movies,23
524,Coffee - Ristretto Coffee Capsule,710,Electronics,7
525,"Wine - Red, Cabernet Merlot",944,Games,38
526,Cumin - Ground,595,Outdoors,100
527,Milk - Chocolate 500ml,682,Computers,91
528,Wine - Alsace Gewurztraminer,694,Home,82
529,"Lamb - Pieces, Diced",4,Toys,13
530,Emulsifier,684,Baby,4
531,"Beef - Tenderlion, Center Cut",10,Automotive,88
532,Soup Campbells,725,Industrial,17
533,Mousse - Banana Chocolate,856,Industrial,58
534,Persimmons,275,Beauty,86
535,Chocolate - Semi Sweet,897,Electronics,71
536,Sage Derby,558,Grocery,4
537,Appetizer - Smoked Salmon / Dill,886,Clothing,88
538,Fondant - Icing,162,Jewelry,55
539,"Nut - Cashews, Whole, Raw",179,Grocery,53
540,Garlic Powder,594,Movies,62
541,Dried Cherries,847,Sports,1
542,Mushroom - White Button,50,Tools,21
543,Wine - Peller Estates Late,963,Music,38
544,Bread Fig And Almond,907,Health,39
545,"Corn - Cream, Canned",478,Books,14
546,Parsley Italian - Fresh,201,Health,16
547,Cookie Double Choco,334,Electronics,71
548,Wine - Prem Select Charddonany,28,Computers,19
549,Emulsifier,18,Kids,82
550,Veal - Liver,56,Outdoors,45
551,Gingerale - Diet - Schweppes,755,Tools,51
552,Danishes - Mini Raspberry,176,Tools,43
553,Bread Ww Cluster,385,Garden,13
554,Goat - Whole Cut,403,Music,10
555,Pastry - Cherry Danish - Mini,314,Outdoors,60
556,Tuna - Sushi Grade,72,Garden,38
557,Apple - Royal Gala,435,Jewelry,59
558,Table Cloth 53x53 White,649,Sports,9
559,Madeira,703,Tools,38
560,Bread - Focaccia Quarter,994,Kids,89
561,Tea Leaves - Oolong,445,Garden,34
562,Flower - Leather Leaf Fern,835,Movies,78
563,Rosemary - Fresh,214,Tools,64
564,Wine - Casillero Deldiablo,897,Movies,90
565,Scampi Tail,691,Garden,74
566,Soup - Campbells Chili Veg,550,Baby,70
567,Soup Campbells - Italian Wedding,598,Games,75
568,Figs,422,Toys,76
569,Lettuce - Belgian Endive,727,Automotive,71
570,Wine - Pinot Noir Pond Haddock,664,Games,48
571,Puree - Mango,952,Grocery,5
572,Hand Towel,810,Books,61
573,Pastry - Apple Muffins - Mini,709,Industrial,58
574,Chocolate - Liqueur Cups With Foil,255,Tools,47
575,Nut - Macadamia,98,Computers,80
576,Tuna - Bluefin,928,Toys,6
577,"Pepsi - Diet, 355 Ml",54,Garden,32
578,Chips Potato Salt Vinegar 43g,670,Music,41
579,Beef - Inside Round,697,Health,87
580,Pastry - Cheese Baked Scones,973,Electronics,5
581,Oysters - Smoked,884,Toys,16
582,Pork - Ground,995,Grocery,90
583,Muffin - Carrot Individual Wrap,517,Outdoors,22
584,Laundry - Bag Cloth,700,Music,37
585,Wine - Zinfandel Rosenblum,548,Tools,36
586,Soup - Campbells Tomato Ravioli,620,Grocery,11
587,Beef - Striploin Aa,264,Books,68
588,Wine - Lamancha Do Crianza,967,Beauty,20
589,"Fish - Atlantic Salmon, Cold",837,Garden,12
590,Cheese - Parmesan Cubes,821,Kids,75
591,Cheese - Stilton,957,Jewelry,52
592,Sugar - Monocystal / Rock,218,Shoes,9
593,"Pasta - Penne Primavera, Single",999,Sports,49
594,Cod - Fillets,351,Kids,67
595,Lemon Balm - Fresh,907,Outdoors,55
596,Yucca,845,Industrial,89
597,Sauce - Soy Low Sodium - 3.87l,696,Books,23
598,Nectarines,407,Industrial,22
599,Icecream Bar - Del Monte,967,Grocery,26
600,Bread Crumbs - Panko,163,Electronics,95
601,Grand Marnier,440,Movies,39
602,Wine - Alsace Gewurztraminer,445,Beauty,83
603,Horseradish Root,317,Garden,50
604,Turnip - Mini,818,Baby,15
605,Pastry - Key Limepoppy Seed Tea,848,Games,96
606,Cleaner - Lime Away,877,Garden,97
607,Appetizer - Cheese Bites,211,Baby,14
608,Trueblue - Blueberry,809,Automotive,85
609,Crackers - Water,250,Automotive,84
610,Puree - Raspberry,139,Tools,61
611,Beer - Blue Light,248,Clothing,59
612,"Nut - Peanut, Roasted",786,Electronics,60
613,"Beef - Ox Tongue, Pickled",156,Baby,77
614,Beef - Eye Of Round,186,Tools,100
615,Salmon Steak - Cohoe 8 Oz,517,Baby,63
616,Bread - Olive,878,Health,79
617,Cream - 35%,793,Sports,38
618,Chocolate - Liqueur Cups With Foil,503,Beauty,5
619,Chef Hat 20cm,955,Kids,66
620,Shrimp - Tiger 21/25,996,Automotive,67
621,Ecolab - Hobart Upr Prewash Arm,652,Music,49
622,Ocean Spray - Ruby Red,17,Music,20
623,Praline Paste,448,Clothing,93
624,Pie Shell - 5,391,Clothing,56
625,"Extract - Vanilla,artificial",853,Toys,30
626,Langers - Cranberry Cocktail,673,Electronics,30
627,Rabbit - Whole,810,Beauty,10
628,Oil - Safflower,572,Music,47
629,Puree - Mocha,879,Grocery,57
630,Table Cloth 90x90 Colour,796,Kids,42
631,Spinach - Baby,824,Beauty,40
632,"Beef - Tongue, Cooked",27,Shoes,32
633,Energy Drink Red Bull,940,Kids,37
634,Fuji Apples,357,Books,32
635,Cheese Cloth,917,Outdoors,50
636,Crush - Cream Soda,67,Automotive,87
637,"Shrimp - 16/20, Peeled Deviened",50,Outdoors,2
638,Lettuce - Escarole,656,Clothing,92
639,Wine - Fume Blanc Fetzer,785,Kids,79
640,Iced Tea Concentrate,501,Beauty,56
641,Pheasants - Whole,329,Jewelry,100
642,Tea - Vanilla Chai,596,Electronics,30
643,Coffee - French Vanilla Frothy,147,Baby,38
644,Cabbage - Red,552,Music,99
645,Paste - Black Olive,760,Grocery,40
646,Compound - Passion Fruit,279,Sports,68
647,Ginger - Pickled,769,Automotive,22
648,"Salmon - Atlantic, Fresh, Whole",550,Movies,44
649,Truffle Cups - White Paper,387,Industrial,73
650,Salmon Steak - Cohoe 8 Oz,239,Home,1
651,Crab - Soft Shell,726,Beauty,39
652,Kirsch - Schloss,934,Computers,96
653,Sprite - 355 Ml,666,Grocery,14
654,Fondant - Icing,248,Beauty,39
655,Sugar - Individual Portions,291,Garden,20
656,Carrots - Mini Red Organic,675,Games,73
657,"Beets - Candy Cane, Organic",735,Sports,94
658,Bread - Granary Small Pull,655,Clothing,27
659,Bowl 12 Oz - Showcase 92012,177,Baby,63
660,Cheese - Valancey,431,Clothing,22
661,"Pasta - Linguini, Dry",374,Books,89
662,V8 Pet,278,Computers,71
663,Truffle - Peelings,776,Books,94
664,Beer - Pilsner Urquell,212,Grocery,90
665,Wasabi Powder,600,Baby,53
666,Milk - 1%,66,Baby,45
667,Table Cloth 120 Round White,620,Electronics,4
668,"Nut - Walnut, Pieces",813,Electronics,5
669,"Stock - Chicken, White",838,Toys,52
670,Longos - Assorted Sandwich,604,Outdoors,27
671,Napkin White,260,Automotive,33
672,Mortadella,845,Beauty,47
673,"Sugar - Brown, Individual",626,Industrial,94
674,Wine - Carmenere Casillero Del,280,Baby,15
675,Garbage Bag - Clear,928,Shoes,4
676,Appetizer - Mango Chevre,78,Games,8
677,Longan,114,Computers,38
678,"Juice - Grapefruit, 341 Ml",442,Toys,35
679,"Wine - Red, Colio Cabernet",14,Computers,52
680,Trueblue - Blueberry Cranberry,601,Games,50
681,Steamers White,585,Toys,56
682,Coffee - Egg Nog Capuccino,412,Tools,20
683,"Mushroom - Shitake, Dry",915,Health,91
684,Wine - Riesling Dr. Pauly,529,Games,32
685,"Cheese - Mozzarella, Buffalo",822,Garden,42
686,Cheese - Brick With Onion,902,Shoes,20
687,Food Colouring - Blue,187,Industrial,7
688,Sugar - Cubes,351,Jewelry,69
689,Eggplant - Regular,195,Grocery,91
690,Wine - Marlbourough Sauv Blanc,230,Computers,90
691,Tea - English Breakfast,382,Tools,34
692,Clementine,375,Automotive,79
693,Dr. Pepper - 355ml,876,Automotive,70
694,"Bread - Bagels, Plain",707,Clothing,4
695,Huck White Towels,369,Movies,85
696,"Tortillas - Flour, 8",31,Games,59
697,Sobe - Berry Energy,420,Grocery,90
698,Bread Roll Foccacia,960,Electronics,46
699,Bread - Italian Roll With Herbs,20,Electronics,64
700,Chicken - Bones,836,Electronics,64
701,Thermometer Digital,610,Music,98
702,"Tray - Foam, Square 4 - S",640,Clothing,60
703,Milk - 2% 250 Ml,656,Beauty,85
704,Wine - Stoneliegh Sauvignon,857,Electronics,36
705,Chinese Foods - Cantonese,116,Sports,41
706,Muffin Batt - Choc Chk,288,Shoes,77
707,"Wine - White, Schroder And Schyl",10,Baby,51
708,Squid - Tubes / Tenticles 10/20,717,Outdoors,69
709,Wine - Niagara Peninsula Vqa,888,Shoes,84
710,"Chicken - Breast, 5 - 7 Oz",191,Electronics,17
711,Lumpfish Black,928,Automotive,44
712,Cheese - Brick With Onion,714,Computers,44
713,"Soup - Campbells, Spinach Crm",448,Health,96
714,"Wine - Red, Metus Rose",45,Tools,57
715,Beef - Texas Style Burger,306,Music,63
716,Butter - Unsalted,179,Computers,56
717,"Salt - Rock, Course",450,Shoes,77
718,Wine - Cava Aria Estate Brut,256,Electronics,96
719,Table Cloth 120 Round White,858,Home,78
720,Sprouts - Peppercress,776,Sports,53
721,Appetizer - Southwestern,99,Jewelry,30
722,"Nut - Hazelnut, Ground, Natural",511,Kids,19
723,Wine - Chablis J Moreau Et Fils,122,Toys,55
724,"Soda Water - Club Soda, 355 Ml",171,Shoes,52
725,Chinese Foods - Pepper Beef,346,Industrial,21
726,Pears - Anjou,41,Shoes,48
727,Lamb Rack - Ontario,311,Jewelry,26
728,Sachet,571,Music,84
729,Muffin - Bran Ind Wrpd,866,Home,90
730,"Tomatoes - Diced, Canned",547,Garden,57
731,Salt - Sea,281,Sports,100
732,Coffee Decaf Colombian,679,Baby,100
733,Bread - French Baquette,620,Kids,3
734,"Lentils - Red, Dry",704,Outdoors,69
735,"Coconut - Shredded, Sweet",942,Beauty,11
736,"Dill - Primerba, Paste",580,Electronics,10
737,Sausage - Blood Pudding,371,Home,67
738,Wine - Chateau Aqueria Tavel,790,Kids,71
739,Everfresh Products,84,Grocery,83
740,Bread - Triangle White,299,Electronics,63
741,Huck Towels White,369,Kids,50
742,Oil - Shortening - All - Purpose,718,Electronics,41
743,Jerusalem Artichoke,464,Games,26
744,"Sauce - Bernaise, Mix",265,Clothing,98
745,Chocolate - White,797,Sports,42
746,Garlic,74,Automotive,65
747,Tomatoes - Heirloom,171,Outdoors,50
748,"Bread - Sticks, Thin, Plain",384,Tools,83
749,Sandwich Wrap,293,Home,35
750,Coffee - French Vanilla Frothy,185,Home,13
751,Ice Cream - Chocolate,918,Electronics,53
752,Pears - Bosc,839,Music,14
753,Cheese - St. Andre,975,Kids,26
754,Vinegar - Tarragon,57,Tools,48
755,Kale - Red,408,Beauty,79
756,Beer - Moosehead,709,Movies,67
757,Dooleys Toffee,437,Tools,68
758,"Pork - Butt, Boneless",732,Books,82
759,Flour - Bread,163,Home,16
760,Wine - Trimbach Pinot Blanc,933,Grocery,87
761,"Beans - Black Bean, Dry",566,Beauty,73
762,Prunes - Pitted,841,Music,22
763,Whmis Spray Bottle Graduated,292,Books,53
764,"Lemonade - Mandarin, 591 Ml",640,Computers,32
765,Cookie Dough - Chunky,757,Music,92
766,"Pasta - Elbows, Macaroni, Dry",914,Shoes,28
767,Hand Towel,282,Sports,57
768,Crawfish,825,Toys,11
769,"Pork - Loin, Bone - In",650,Health,64
770,Fennel - Seeds,28,Tools,33
771,Cinnamon - Stick,10,Automotive,35
772,Guava,672,Outdoors,68
773,"Pasta - Orzo, Dry",498,Toys,64
774,Wine - Cabernet Sauvignon,8,Toys,81
775,Shrimp - 31/40,3,Sports,62
776,Calypso - Strawberry Lemonade,96,Garden,99
777,Basil - Pesto Sauce,521,Music,80
778,Nantuket Peach Orange,452,Sports,68
779,Smoked Tongue,687,Clothing,67
780,Sponge Cake Mix - Chocolate,814,Toys,96
781,"Cake Circle, Paprus",177,Books,73
782,Cheese - Comtomme,439,Industrial,35
783,Sterno - Chafing Dish Fuel,753,Music,38
784,Soup - Campbells Tomato Ravioli,815,Games,92
785,Tomatoes - Grape,892,Computers,50
786,Lettuce - Curly Endive,80,Computers,12
787,"Champagne - Brights, Dry",292,Beauty,64
788,Squash - Butternut,23,Beauty,50
789,Remy Red Berry Infusion,396,Industrial,20
790,Compound - Raspberry,946,Jewelry,20
791,Coffee Caramel Biscotti,954,Computers,57
792,Wine - Prem Select Charddonany,229,Games,52
793,Juice - Ocean Spray Kiwi,486,Garden,83
794,Salt - Seasoned,454,Automotive,8
795,Sage - Fresh,766,Automotive,39
796,Carbonated Water - Blackberry,562,Garden,3
797,Squid - Breaded,650,Grocery,65
798,Grapes - Green,572,Sports,69
799,Quail - Jumbo,641,Shoes,6
800,Foil Wrap,898,Tools,59
801,"Pepsi - Diet, 355 Ml",218,Outdoors,39
802,"Quail - Whole, Bone - In",433,Movies,70
803,Chocolate - Mi - Amere Semi,553,Sports,58
804,Sprouts - Peppercress,269,Industrial,18
805,Cherries - Frozen,991,Shoes,10
806,"Syrup - Monin, Amaretta",498,Garden,51
807,Wine - Wyndham Estate Bin 777,769,Beauty,56
808,Cognac - Courvaisier,874,Industrial,49
809,Calypso - Lemonade,44,Games,74
810,Cardamon Ground,460,Industrial,54
811,Apples - Sliced / Wedge,870,Jewelry,34
812,Syrup - Monin - Granny Smith,316,Music,100
813,Melon - Honey Dew,224,Sports,25
814,Tray - 16in Rnd Blk,612,Toys,15
815,"Pasta - Spaghetti, Dry",381,Movies,14
816,Wine - Chablis J Moreau Et Fils,160,Outdoors,34
817,Snapple - Mango Maddness,532,Sports,46
818,Corn - On The Cob,940,Computers,31
819,"Cheese - Romano, Grated",921,Movies,77
820,Plastic Arrow Stir Stick,330,Clothing,46
821,Buttons,153,Toys,26
822,"Brandy - Orange, Mc Guiness",303,Jewelry,61
823,Tahini Paste,64,Music,96
824,Haggis,101,Games,40
825,"Cheese - Havarti, Roasted Garlic",129,Computers,87
826,Juice - Cranberry 284ml,317,Kids,26
827,"Melon - Watermelon, Seedless",477,Games,58
828,Mushroom - Crimini,649,Kids,54
829,Sausage - Andouille,648,Jewelry,55
830,Sage - Ground,331,Beauty,72
831,Skirt - 24 Foot,655,Baby,48
832,"Wine - White, Cooking",515,Beauty,25
833,"Wine - White, Riesling, Semi - Dry",335,Outdoors,16
834,"Beef - Baby, Liver",782,Grocery,87
835,Squash - Sunburst,53,Beauty,43
836,Jerusalem Artichoke,865,Beauty,35
837,"Asparagus - White, Canned",205,Automotive,37
838,Wine - Beaujolais Villages,77,Tools,1
839,"Tomatoes - Cherry, Yellow",474,Automotive,46
840,"Thyme - Lemon, Fresh",479,Sports,35
841,Muffin Mix - Blueberry,25,Music,45
842,Transfer Sheets,867,Clothing,77
843,"Soup - Campbells, Butternut",297,Books,72
844,Sour Puss - Tangerine,930,Industrial,12
845,Mikes Hard Lemonade,193,Music,67
846,Wanton Wrap,454,Kids,83
847,Sprouts - Alfalfa,915,Books,57
848,"Lamb - Leg, Bone In",917,Jewelry,66
849,Wine - Shiraz Wolf Blass Premium,875,Shoes,23
850,Tomatoes Tear Drop Yellow,673,Electronics,49
851,"Pasta - Fett Alfredo, Single Serve",288,Computers,80
852,Wine - White Cab Sauv.on,968,Beauty,43
853,Wine - Vidal Icewine Magnotta,469,Grocery,22
854,Pickerel - Fillets,6,Shoes,85
855,Salt And Pepper Mix - Black,875,Grocery,9
856,Cheese - Blue,17,Baby,31
857,"Wine - White, Lindemans Bin 95",333,Baby,55
858,Muffin Mix - Carrot,656,Industrial,38
859,Energy Drink - Franks Pineapple,141,Computers,28
860,Saskatoon Berries - Frozen,28,Tools,17
861,Lamb Rack - Ontario,376,Health,85
862,Bread - White Epi Baguette,187,Garden,34
863,Steamers White,62,Outdoors,26
864,Godiva White Chocolate,945,Movies,18
865,Sauce - Alfredo,247,Industrial,3
866,"Spoon - Soup, Plastic",103,Garden,9
867,Sobe - Lizard Fuel,744,Toys,100
868,Gatorade - Lemon Lime,481,Clothing,36
869,French Pastry - Mini Chocolate,56,Shoes,65
870,Mustard - Individual Pkg,67,Books,19
871,Beef - Salted,29,Toys,16
872,Wine - Fat Bastard Merlot,676,Kids,42
873,Tea - Herbal Orange Spice,307,Beauty,10
874,Bay Leaf,982,Automotive,28
875,"Vodka - Lemon, Absolut",657,Outdoors,32
876,Assorted Desserts,703,Shoes,14
877,Wine - Alsace Gewurztraminer,517,Sports,13
878,Cleaner - Comet,812,Grocery,11
879,Mustard - Individual Pkg,633,Jewelry,61
880,Yogurt - Plain,325,Industrial,25
881,"Stock - Beef, Brown",134,Sports,28
882,Bread - Italian Roll With Herbs,2,Toys,16
883,Ezy Change Mophandle,347,Clothing,80
884,Cup Translucent 9 Oz,484,Movies,55
885,Easy Off Oven Cleaner,216,Shoes,16
886,"Soup - French Onion, Dry",18,Electronics,82
887,"Wine - Harrow Estates, Vidal",69,Beauty,15
888,"Nut - Pecan, Pieces",767,Sports,84
889,Lamb Shoulder Boneless Nz,933,Sports,61
890,Cake - Dulce De Leche,789,Music,71
891,Appetizer - Sausage Rolls,65,Beauty,79
892,Extract - Raspberry,360,Books,69
893,Coconut - Whole,462,Health,28
894,The Pop Shoppe - Cream Soda,271,Baby,75
895,Muffin - Bran Ind Wrpd,56,Outdoors,94
896,Wine - Alsace Gewurztraminer,919,Games,9
897,Uniform Linen Charge,889,Shoes,39
898,Basil - Fresh,536,Electronics,66
899,"Bread - Roll, Whole Wheat",800,Games,66
900,Table Cloth 90x90 Colour,81,Baby,81
901,Chicken Breast Halal,369,Jewelry,71
902,Pear - Packum,174,Sports,35
903,"Pepper - White, Whole",317,Clothing,23
904,Huck Towels White,634,Clothing,37
905,Goulash Seasoning,965,Industrial,62
906,Squid - Breaded,430,Baby,48
907,Buffalo - Striploin,611,Books,28
908,Myers Planters Punch,999,Computers,18
909,Cookie Double Choco,667,Kids,81
910,Towel - Roll White,736,Automotive,13
911,"Beef - Chuck, Boneless",710,Computers,74
912,Snails - Large Canned,937,Books,77
913,"Bread - Sticks, Thin, Plain",853,Toys,42
914,Flour - Whole Wheat,83,Beauty,87
915,Paper Towel Touchless,599,Automotive,19
916,Sugar - Invert,476,Baby,93
917,Ice Cream - Turtles Stick Bar,84,Jewelry,33
918,"Pork - Bacon, Double Smoked",597,Automotive,11
919,Chocolate - White,790,Electronics,1
920,Bacardi Raspberry,797,Books,59
921,Vinegar - Champagne,217,Health,91
922,Tomato - Green,63,Baby,82
923,"Stock - Veal, Brown",614,Games,68
924,Tuna - Loin,490,Books,53
925,Sansho Powder,791,Electronics,54
926,Mortadella,517,Computers,31
927,Spring Roll Veg Mini,62,Books,32
928,Pork - Suckling Pig,767,Health,41
929,Jagermeister,529,Grocery,60
930,Cheese - Camembert,543,Health,21
931,Chips Potato Salt Vinegar 43g,607,Jewelry,19
932,Toothpick Frilled,718,Music,21
933,"Beans - Kidney, Red Dry",753,Automotive,61
934,Mushroom - Chanterelle Frozen,356,Music,81
935,Glass Clear 8 Oz,640,Jewelry,88
936,Flour Pastry Super Fine,734,Computers,90
937,Tomatoes Tear Drop Yellow,750,Computers,10
938,Wine - Chateau Aqueria Tavel,729,Movies,21
939,Pork - Bacon Cooked Slcd,540,Garden,55
940,Truffle Cups - Brown,478,Outdoors,37
941,Pants Custom Dry Clean,752,Games,1
942,"Trout - Rainbow, Frozen",248,Industrial,1
943,Drambuie,409,Jewelry,70
944,Corn Kernels - Frozen,49,Music,70
945,Emulsifier,931,Tools,80
946,Glove - Cutting,168,Garden,94
947,Container - Clear 32 Oz,741,Industrial,50
948,Chinese Foods - Cantonese,177,Grocery,4
949,Cardamon Ground,575,Games,18
950,White Fish - Filets,28,Music,21
951,Flour - Chickpea,400,Jewelry,75
952,Onions - Pearl,425,Electronics,22
953,Bok Choy - Baby,464,Tools,97
954,"Rum - Dark, Bacardi, Black",732,Books,58
955,Cranberries - Frozen,456,Jewelry,62
956,Vacuum Bags 12x16,421,Health,99
957,Coffee - Hazelnut Cream,279,Computers,90
958,Cream - 35%,458,Automotive,100
959,The Pop Shoppe - Black Cherry,637,Clothing,49
960,Cake - Miini Cheesecake Cherry,187,Garden,10
961,Sugar - Brown,343,Movies,72
962,Sansho Powder,867,Music,6
963,Water - San Pellegrino,978,Automotive,9
964,Cheese - Brick With Pepper,660,Music,28
965,Petit Baguette,391,Grocery,9
966,"Wine - Red, Metus Rose",832,Electronics,8
967,"Vermouth - Sweet, Cinzano",125,Kids,64
968,Island Oasis - Raspberry,866,Games,45
969,Sauce - Plum,616,Beauty,87
970,Spinach - Baby,947,Electronics,46
971,Wine - Stoneliegh Sauvignon,425,Kids,7
972,Tomato - Plum With Basil,708,Books,9
973,"Wine - Magnotta, White",641,Outdoors,7
974,"Lemonade - Strawberry, 591 Ml",750,Automotive,43
975,Strawberries,601,Books,87
976,Wine - Chardonnay Mondavi,592,Games,88
977,Curry Powder,686,Music,86
978,Oil - Cooking Spray,554,Jewelry,40
979,Wonton Wrappers,654,Toys,5
980,Salt - Kosher,691,Computers,63
981,Magnotta Bel Paese Red,808,Movies,44
982,Vinegar - Red Wine,624,Home,31
983,Soho Lychee Liqueur,70,Sports,48
984,Muffin Mix - Banana Nut,958,Computers,96
985,"Olives - Black, Pitted",985,Games,64
986,Pears - Anjou,54,Health,80
987,Mini - Vol Au Vents,528,Industrial,31
988,"Water - Mineral, Natural",221,Beauty,9
989,Vinegar - Sherry,549,Home,25
990,Muffin - Mix - Creme Brule 15l,639,Baby,42
991,Pastry - Raisin Muffin - Mini,317,Music,99
992,Godiva White Chocolate,468,Clothing,56
993,Chips - Doritos,999,Electronics,69
994,Chicken Giblets,375,Movies,18
995,Vinegar - Balsamic,53,Music,69
996,Cheese Cloth No 100,503,Garden,75
997,"Soup - Canadian Pea, Dry Mix",824,Books,44
998,Wine - Jaboulet Cotes Du Rhone,536,Electronics,6
999,"Lemonade - Black Cherry, 591 Ml",695,Kids,72
1000,Dates,879,Shoes,35
1001,test,23,Movies,9494
